query_id,label_idf_only_hit@20,label_idf_only_recall@20,label_idf_only_mrr,candidate_union_hit@20,candidate_union_recall@20,candidate_union_mrr,candidate_union_no_prior_hit@20,candidate_union_no_prior_recall@20,candidate_union_no_prior_mrr,candidate_union_no_bm25_hit@20,candidate_union_no_bm25_recall@20,candidate_union_no_bm25_mrr,candidate_union_no_prior_no_bm25_hit@20,candidate_union_no_prior_no_bm25_recall@20,candidate_union_no_prior_no_bm25_mrr
eval_0002,1.0,1.0,0.0625,0.0,0.0,0.0,0.0,0.0,0.0,1.0,1.0,0.5,1.0,1.0,0.5
eval_0005,1.0,1.0,0.3333333333333333,1.0,1.0,0.09090909090909091,1.0,1.0,0.07692307692307693,1.0,1.0,1.0,1.0,1.0,1.0
eval_0006,1.0,1.0,0.2,1.0,1.0,0.16666666666666666,1.0,1.0,0.16666666666666666,1.0,1.0,0.5,1.0,1.0,0.2
eval_0007,1.0,0.75,1.0,1.0,1.0,1.0,1.0,1.0,0.5,1.0,1.0,1.0,1.0,1.0,1.0
eval_0008,0.0,0.0,0.0,0.0,0.0,0.0,0.0,0.0,0.0,1.0,0.5,0.5,1.0,1.0,0.3333333333333333
eval_0009,0.0,0.0,0.0,0.0,0.0,0.0,0.0,0.0,0.0,0.0,0.0,0.0,1.0,1.0,0.5
eval_0010,0.0,0.0,0.0,1.0,0.5,0.25,1.0,0.5,0.16666666666666666,1.0,1.0,0.3333333333333333,1.0,1.0,0.25
eval_0011,1.0,1.0,0.25,1.0,1.0,0.3333333333333333,1.0,1.0,0.25,1.0,1.0,1.0,1.0,1.0,1.0
eval_0012,1.0,1.0,0.0625,1.0,1.0,0.3333333333333333,1.0,1.0,0.14285714285714285,1.0,1.0,0.5,1.0,1.0,0.5
eval_0016,0.0,0.0,0.0,1.0,1.0,1.0,1.0,1.0,1.0,1.0,1.0,1.0,1.0,1.0,1.0
eval_0017,0.0,0.0,0.0,0.0,0.0,0.0,1.0,0.5,0.09090909090909091,1.0,1.0,0.058823529411764705,1.0,1.0,0.5
eval_0018,0.0,0.0,0.0,0.0,0.0,0.0,0.0,0.0,0.0,1.0,0.5,0.5,1.0,1.0,0.3333333333333333
eval_0019,1.0,1.0,0.3333333333333333,1.0,1.0,0.3333333333333333,1.0,1.0,0.3333333333333333,1.0,1.0,0.3333333333333333,1.0,1.0,0.3333333333333333
eval_0020,1.0,1.0,0.05555555555555555,1.0,1.0,0.125,1.0,1.0,0.1111111111111111,1.0,1.0,0.5,1.0,1.0,0.3333333333333333
eval_0021,1.0,1.0,0.08333333333333333,1.0,1.0,0.3333333333333333,1.0,1.0,0.2,1.0,1.0,0.08333333333333333,1.0,1.0,0.05
eval_0023,0.0,0.0,0.0,0.0,0.0,0.0,0.0,0.0,0.0,0.0,0.0,0.0,0.0,0.0,0.0
eval_0027,1.0,0.6666666666666666,0.3333333333333333,1.0,1.0,0.3333333333333333,1.0,1.0,0.3333333333333333,1.0,1.0,0.3333333333333333,1.0,1.0,0.3333333333333333
eval_0029,0.0,0.0,0.0,0.0,0.0,0.0,0.0,0.0,0.0,0.0,0.0,0.0,1.0,1.0,0.5
eval_0030,1.0,0.5,0.5,1.0,0.75,0.125,1.0,0.75,0.125,1.0,0.75,1.0,1.0,0.75,1.0
eval_0033,1.0,1.0,1.0,1.0,1.0,1.0,1.0,1.0,1.0,1.0,1.0,0.3333333333333333,1.0,1.0,0.5
eval_0034,1.0,0.5714285714285714,0.5,1.0,1.0,0.5,1.0,1.0,0.3333333333333333,1.0,1.0,1.0,1.0,1.0,1.0
eval_0036,1.0,1.0,1.0,1.0,1.0,0.5,1.0,1.0,0.5,1.0,1.0,1.0,1.0,1.0,1.0
eval_0037,1.0,0.6666666666666666,0.3333333333333333,1.0,0.6666666666666666,0.3333333333333333,1.0,0.6666666666666666,0.3333333333333333,1.0,1.0,0.5,1.0,1.0,0.5
eval_0039,1.0,0.5,0.07142857142857142,1.0,0.5,0.05,1.0,1.0,0.16666666666666666,0.0,0.0,0.0,1.0,1.0,0.5
eval_0041,0.0,0.0,0.0,1.0,0.4,0.07142857142857142,1.0,0.4,0.125,1.0,0.8,1.0,1.0,1.0,1.0
eval_0042,1.0,1.0,0.25,1.0,1.0,0.25,1.0,1.0,0.14285714285714285,1.0,1.0,1.0,1.0,1.0,1.0
eval_0045,1.0,1.0,1.0,1.0,1.0,1.0,1.0,1.0,1.0,1.0,1.0,1.0,1.0,1.0,1.0
eval_0047,1.0,1.0,0.5,1.0,1.0,1.0,1.0,1.0,1.0,1.0,1.0,1.0,1.0,1.0,0.5
eval_0048,1.0,1.0,1.0,1.0,1.0,1.0,1.0,1.0,1.0,1.0,1.0,0.5,1.0,1.0,0.5
eval_0049,1.0,0.3333333333333333,0.08333333333333333,1.0,0.6666666666666666,0.5,1.0,0.6666666666666666,0.5,1.0,1.0,1.0,1.0,1.0,1.0
eval_0050,0.0,0.0,0.0,0.0,0.0,0.0,0.0,0.0,0.0,0.0,0.0,0.0,1.0,1.0,0.5
eval_0051,0.0,0.0,0.0,1.0,1.0,0.06666666666666667,1.0,1.0,0.08333333333333333,1.0,1.0,0.125,1.0,1.0,0.5
eval_0053,1.0,0.5,0.07142857142857142,0.0,0.0,0.0,0.0,0.0,0.0,1.0,1.0,0.058823529411764705,1.0,1.0,0.5
eval_0054,1.0,0.5,0.07142857142857142,1.0,0.5,0.058823529411764705,1.0,0.5,0.14285714285714285,1.0,1.0,0.058823529411764705,1.0,1.0,0.5
eval_0055,0.0,0.0,0.0,0.0,0.0,0.0,0.0,0.0,0.0,1.0,1.0,0.125,1.0,1.0,0.5
eval_0057,1.0,1.0,1.0,1.0,1.0,0.3333333333333333,1.0,1.0,0.3333333333333333,1.0,1.0,0.3333333333333333,1.0,1.0,0.5
eval_0058,1.0,1.0,0.125,0.0,0.0,0.0,0.0,0.0,0.0,1.0,1.0,1.0,1.0,1.0,1.0
eval_0059,1.0,1.0,0.0625,0.0,0.0,0.0,0.0,0.0,0.0,1.0,1.0,0.07692307692307693,1.0,1.0,0.5
eval_0060,1.0,1.0,0.25,1.0,1.0,0.3333333333333333,1.0,1.0,0.3333333333333333,1.0,1.0,0.3333333333333333,1.0,1.0,0.3333333333333333
eval_0061,1.0,1.0,1.0,1.0,1.0,1.0,1.0,1.0,1.0,1.0,1.0,1.0,1.0,1.0,1.0
eval_0063,1.0,0.75,1.0,1.0,0.75,1.0,1.0,0.75,1.0,1.0,0.75,1.0,1.0,0.75,1.0
eval_0065,0.0,0.0,0.0,1.0,1.0,0.25,1.0,1.0,0.25,1.0,1.0,0.25,1.0,1.0,0.25
eval_0066,0.0,0.0,0.0,1.0,0.5,0.16666666666666666,1.0,0.5,0.16666666666666666,1.0,0.5,1.0,1.0,1.0,1.0
eval_0067,1.0,1.0,0.3333333333333333,1.0,1.0,0.3333333333333333,1.0,1.0,0.3333333333333333,1.0,1.0,0.5,1.0,1.0,0.5
eval_0068,1.0,1.0,0.3333333333333333,1.0,1.0,0.25,1.0,1.0,0.25,1.0,1.0,0.3333333333333333,1.0,1.0,0.3333333333333333
eval_0069,1.0,1.0,1.0,1.0,1.0,0.5,1.0,1.0,0.5,1.0,1.0,0.5,1.0,1.0,0.5
eval_0070,0.0,0.0,0.0,0.0,0.0,0.0,0.0,0.0,0.0,1.0,1.0,0.5,1.0,1.0,0.5
eval_0072,1.0,1.0,0.5,1.0,1.0,0.5,1.0,1.0,0.5,1.0,1.0,1.0,1.0,1.0,1.0
eval_0073,1.0,0.8,0.25,1.0,0.6,1.0,1.0,0.6,1.0,1.0,0.8,1.0,1.0,0.8,1.0
eval_0074,1.0,1.0,0.3333333333333333,1.0,1.0,0.14285714285714285,1.0,1.0,0.14285714285714285,1.0,1.0,1.0,1.0,1.0,1.0
eval_0075,0.0,0.0,0.0,1.0,1.0,0.25,1.0,1.0,0.1111111111111111,1.0,1.0,0.5,1.0,1.0,0.5
eval_0076,0.0,0.0,0.0,1.0,0.3333333333333333,0.06666666666666667,1.0,0.3333333333333333,0.05555555555555555,1.0,0.6666666666666666,1.0,1.0,1.0,1.0
eval_0078,0.0,0.0,0.0,0.0,0.0,0.0,0.0,0.0,0.0,1.0,1.0,0.5,1.0,1.0,0.5
eval_0079,1.0,1.0,0.3333333333333333,1.0,1.0,0.3333333333333333,1.0,1.0,0.3333333333333333,1.0,1.0,0.5,1.0,1.0,0.5
eval_0082,0.0,0.0,0.0,1.0,1.0,0.25,1.0,1.0,0.16666666666666666,1.0,1.0,0.3333333333333333,1.0,1.0,0.3333333333333333
eval_0083,1.0,0.5,0.3333333333333333,1.0,0.75,0.2,1.0,0.75,0.09090909090909091,1.0,0.75,1.0,1.0,0.75,1.0
eval_0084,1.0,0.25,0.07692307692307693,1.0,0.25,0.08333333333333333,0.0,0.0,0.0,1.0,0.75,1.0,1.0,0.75,1.0
eval_0086,1.0,0.6666666666666666,1.0,1.0,1.0,1.0,1.0,0.6666666666666666,1.0,1.0,0.8333333333333334,1.0,1.0,1.0,1.0
eval_0087,1.0,1.0,0.5,1.0,1.0,1.0,1.0,1.0,1.0,1.0,1.0,1.0,1.0,1.0,1.0
eval_0089,0.0,0.0,0.0,1.0,1.0,0.2,1.0,1.0,0.2,1.0,1.0,0.2,1.0,1.0,0.2
eval_0090,1.0,0.3333333333333333,1.0,1.0,0.6666666666666666,0.2,1.0,0.3333333333333333,1.0,1.0,0.3333333333333333,0.2,1.0,1.0,0.14285714285714285
eval_0092,0.0,0.0,0.0,1.0,1.0,0.3333333333333333,1.0,1.0,0.3333333333333333,1.0,1.0,0.2,1.0,1.0,0.2
eval_0093,1.0,1.0,0.06666666666666667,0.0,0.0,0.0,0.0,0.0,0.0,1.0,1.0,0.5,1.0,1.0,0.5
eval_0094,1.0,1.0,0.25,0.0,0.0,0.0,0.0,0.0,0.0,1.0,1.0,1.0,1.0,1.0,0.3333333333333333
eval_0095,1.0,1.0,1.0,0.0,0.0,0.0,1.0,1.0,0.1111111111111111,0.0,0.0,0.0,1.0,1.0,0.3333333333333333
eval_0096,1.0,1.0,1.0,1.0,1.0,1.0,1.0,1.0,1.0,1.0,1.0,1.0,1.0,1.0,1.0
eval_0097,1.0,0.75,1.0,1.0,0.75,1.0,1.0,0.75,1.0,1.0,0.75,1.0,1.0,0.75,1.0
eval_0099,1.0,1.0,0.5,1.0,1.0,0.3333333333333333,1.0,1.0,0.25,1.0,1.0,0.5,1.0,1.0,0.5
eval_0100,1.0,1.0,1.0,1.0,1.0,1.0,1.0,1.0,1.0,1.0,1.0,1.0,1.0,1.0,1.0
eval_0102,0.0,0.0,0.0,1.0,0.5,0.0625,0.0,0.0,0.0,1.0,1.0,0.25,1.0,1.0,0.25
eval_0103,1.0,1.0,0.3333333333333333,1.0,1.0,0.3333333333333333,1.0,1.0,0.3333333333333333,1.0,1.0,0.3333333333333333,1.0,1.0,0.3333333333333333
eval_0104,1.0,1.0,1.0,1.0,1.0,1.0,1.0,1.0,1.0,1.0,1.0,1.0,1.0,1.0,1.0
eval_0106,1.0,1.0,0.0625,1.0,1.0,0.25,1.0,0.5,0.25,1.0,1.0,1.0,1.0,1.0,0.5
eval_0107,1.0,0.6666666666666666,0.1,0.0,0.0,0.0,0.0,0.0,0.0,1.0,1.0,0.09090909090909091,1.0,1.0,0.09090909090909091
eval_0109,1.0,1.0,0.25,1.0,1.0,1.0,1.0,1.0,1.0,1.0,1.0,0.3333333333333333,1.0,1.0,0.3333333333333333
eval_0110,0.0,0.0,0.0,0.0,0.0,0.0,0.0,0.0,0.0,0.0,0.0,0.0,1.0,1.0,0.5
eval_0111,0.0,0.0,0.0,0.0,0.0,0.0,0.0,0.0,0.0,1.0,1.0,0.5,1.0,1.0,0.5
eval_0112,1.0,1.0,1.0,1.0,1.0,1.0,1.0,1.0,1.0,1.0,1.0,1.0,1.0,1.0,1.0
eval_0115,1.0,1.0,1.0,1.0,1.0,0.5,1.0,1.0,0.5,1.0,1.0,1.0,1.0,1.0,1.0
eval_0116,1.0,0.2,0.5,1.0,0.6,0.5,1.0,0.6,0.5,1.0,0.6,0.5,1.0,0.6,0.5
eval_0117,0.0,0.0,0.0,1.0,1.0,0.3333333333333333,1.0,1.0,0.08333333333333333,1.0,1.0,0.2,1.0,1.0,0.2
eval_0119,1.0,1.0,0.25,1.0,1.0,0.3333333333333333,1.0,1.0,0.25,1.0,1.0,1.0,1.0,1.0,1.0
eval_0121,1.0,1.0,1.0,1.0,1.0,1.0,1.0,1.0,1.0,1.0,1.0,1.0,1.0,1.0,1.0
eval_0122,0.0,0.0,0.0,0.0,0.0,0.0,0.0,0.0,0.0,0.0,0.0,0.0,1.0,1.0,0.5
eval_0124,1.0,1.0,0.3333333333333333,1.0,1.0,1.0,1.0,1.0,1.0,1.0,1.0,1.0,1.0,1.0,1.0
eval_0125,1.0,0.6666666666666666,0.5,1.0,0.6666666666666666,0.09090909090909091,1.0,0.6666666666666666,0.09090909090909091,1.0,1.0,0.5,1.0,1.0,0.5
eval_0129,1.0,1.0,0.0625,0.0,0.0,0.0,0.0,0.0,0.0,1.0,1.0,0.5,1.0,1.0,0.5
eval_0130,1.0,0.3333333333333333,0.25,1.0,0.3333333333333333,0.3333333333333333,1.0,0.3333333333333333,0.3333333333333333,1.0,0.3333333333333333,0.3333333333333333,1.0,0.3333333333333333,0.3333333333333333
eval_0131,1.0,1.0,0.2,1.0,1.0,0.5,1.0,1.0,1.0,1.0,1.0,0.2,1.0,1.0,0.5
eval_0133,1.0,0.8,0.3333333333333333,1.0,0.8,1.0,1.0,0.8,1.0,1.0,1.0,1.0,1.0,1.0,1.0
eval_0134,1.0,0.5,0.08333333333333333,1.0,1.0,0.25,1.0,1.0,0.25,1.0,1.0,0.25,1.0,1.0,0.25
eval_0135,1.0,0.5,0.1,1.0,1.0,1.0,1.0,1.0,1.0,1.0,1.0,1.0,1.0,1.0,1.0
eval_0136,1.0,1.0,1.0,1.0,1.0,1.0,1.0,1.0,1.0,1.0,1.0,1.0,1.0,1.0,1.0
eval_0138,0.0,0.0,0.0,0.0,0.0,0.0,0.0,0.0,0.0,0.0,0.0,0.0,0.0,0.0,0.0
eval_0142,1.0,1.0,0.25,0.0,0.0,0.0,0.0,0.0,0.0,1.0,1.0,1.0,1.0,1.0,0.3333333333333333
eval_0144,0.0,0.0,0.0,1.0,0.5,0.1,0.0,0.0,0.0,1.0,1.0,1.0,1.0,1.0,1.0
eval_0145,0.0,0.0,0.0,1.0,0.5,0.5,1.0,1.0,0.1,1.0,1.0,0.5,1.0,1.0,0.5
eval_0146,1.0,0.5,0.1,1.0,1.0,1.0,1.0,1.0,1.0,1.0,1.0,1.0,1.0,1.0,1.0
eval_0148,0.0,0.0,0.0,0.0,0.0,0.0,0.0,0.0,0.0,1.0,1.0,0.25,1.0,1.0,0.25
eval_0150,1.0,1.0,1.0,1.0,1.0,0.3333333333333333,1.0,1.0,0.3333333333333333,1.0,1.0,0.3333333333333333,1.0,1.0,0.3333333333333333
eval_0151,1.0,1.0,1.0,1.0,0.6666666666666666,0.14285714285714285,1.0,0.6666666666666666,0.14285714285714285,1.0,1.0,1.0,1.0,1.0,1.0
eval_0155,1.0,0.5,0.058823529411764705,1.0,1.0,0.3333333333333333,1.0,1.0,0.3333333333333333,1.0,1.0,0.25,1.0,1.0,0.25
eval_0156,1.0,0.3333333333333333,0.058823529411764705,1.0,1.0,0.1,1.0,1.0,0.1,1.0,1.0,0.14285714285714285,1.0,1.0,0.14285714285714285
eval_0163,1.0,1.0,0.3333333333333333,1.0,1.0,0.5,1.0,1.0,0.5,1.0,1.0,0.3333333333333333,1.0,1.0,0.2
eval_0171,0.0,0.0,0.0,0.0,0.0,0.0,0.0,0.0,0.0,1.0,1.0,0.06666666666666667,1.0,1.0,0.5
eval_0175,1.0,0.3333333333333333,0.05,1.0,1.0,0.125,1.0,1.0,0.1111111111111111,1.0,1.0,0.14285714285714285,1.0,1.0,0.14285714285714285
eval_0177,0.0,0.0,0.0,0.0,0.0,0.0,1.0,0.3333333333333333,0.07142857142857142,1.0,0.6666666666666666,1.0,1.0,1.0,1.0
eval_0178,0.0,0.0,0.0,1.0,1.0,0.14285714285714285,1.0,1.0,0.1,1.0,1.0,1.0,1.0,1.0,1.0
eval_0179,1.0,0.5,0.2,1.0,0.5,1.0,1.0,0.5,1.0,1.0,1.0,0.5,1.0,0.5,0.3333333333333333
eval_0180,0.0,0.0,0.0,1.0,1.0,0.3333333333333333,1.0,1.0,0.3333333333333333,1.0,1.0,0.2,1.0,1.0,0.2
eval_0183,1.0,0.6666666666666666,1.0,1.0,0.8333333333333334,1.0,1.0,0.8333333333333334,0.5,1.0,0.8333333333333334,1.0,1.0,0.8333333333333334,1.0
eval_0184,1.0,0.75,0.5,1.0,1.0,1.0,1.0,1.0,1.0,1.0,1.0,1.0,1.0,1.0,1.0
eval_0185,1.0,1.0,0.3333333333333333,1.0,1.0,0.125,1.0,1.0,0.125,1.0,1.0,1.0,1.0,1.0,1.0
eval_0186,0.0,0.0,0.0,0.0,0.0,0.0,0.0,0.0,0.0,1.0,1.0,1.0,1.0,1.0,0.5
eval_0187,0.0,0.0,0.0,0.0,0.0,0.0,0.0,0.0,0.0,1.0,1.0,0.3333333333333333,1.0,1.0,0.25
eval_0188,1.0,1.0,0.5,1.0,1.0,1.0,1.0,1.0,1.0,1.0,1.0,0.5,1.0,1.0,0.5
eval_0190,1.0,0.5,0.07692307692307693,1.0,1.0,0.07692307692307693,1.0,1.0,0.07142857142857142,1.0,1.0,0.07692307692307693,1.0,1.0,0.07142857142857142
eval_0192,0.0,0.0,0.0,1.0,1.0,1.0,1.0,1.0,1.0,1.0,1.0,1.0,1.0,1.0,1.0
eval_0195,1.0,1.0,0.5,1.0,1.0,1.0,1.0,1.0,1.0,1.0,1.0,1.0,1.0,1.0,1.0
eval_0196,0.0,0.0,0.0,0.0,0.0,0.0,0.0,0.0,0.0,1.0,0.3333333333333333,0.25,1.0,0.3333333333333333,0.2
eval_0198,1.0,1.0,0.3333333333333333,1.0,1.0,0.14285714285714285,1.0,1.0,0.14285714285714285,1.0,1.0,1.0,1.0,1.0,1.0
eval_0199,1.0,1.0,1.0,1.0,1.0,0.5,1.0,1.0,1.0,1.0,1.0,0.5,1.0,1.0,0.5
eval_0200,1.0,0.8,0.3333333333333333,1.0,0.8,1.0,1.0,0.8,1.0,1.0,1.0,0.3333333333333333,1.0,1.0,0.3333333333333333
eval_0201,1.0,1.0,0.5,1.0,1.0,0.3333333333333333,1.0,1.0,0.3333333333333333,1.0,1.0,1.0,1.0,1.0,1.0
eval_0204,1.0,1.0,1.0,1.0,1.0,1.0,1.0,1.0,1.0,1.0,1.0,1.0,1.0,1.0,1.0
eval_0205,1.0,0.6666666666666666,0.2,1.0,0.6666666666666666,0.2,1.0,0.3333333333333333,0.058823529411764705,1.0,1.0,1.0,1.0,1.0,1.0
eval_0206,1.0,0.3333333333333333,0.08333333333333333,1.0,0.6666666666666666,1.0,1.0,0.6666666666666666,1.0,1.0,1.0,1.0,1.0,1.0,1.0
eval_0207,1.0,1.0,0.125,1.0,1.0,0.25,1.0,1.0,0.25,1.0,1.0,0.25,1.0,1.0,0.25
eval_0209,1.0,1.0,1.0,1.0,1.0,1.0,1.0,1.0,1.0,1.0,1.0,1.0,1.0,1.0,1.0
eval_0210,1.0,1.0,1.0,1.0,1.0,1.0,1.0,1.0,1.0,1.0,1.0,0.3333333333333333,1.0,1.0,0.5
eval_0212,1.0,0.8,0.5,1.0,0.6,1.0,1.0,0.6,1.0,1.0,1.0,1.0,1.0,1.0,1.0
eval_0213,1.0,1.0,1.0,1.0,1.0,1.0,1.0,1.0,1.0,1.0,1.0,1.0,1.0,1.0,1.0
eval_0215,1.0,0.5,0.1,1.0,1.0,1.0,1.0,1.0,1.0,1.0,1.0,1.0,1.0,1.0,1.0
eval_0216,1.0,1.0,0.125,1.0,1.0,0.5,1.0,1.0,0.5,1.0,1.0,0.3333333333333333,1.0,1.0,0.3333333333333333
eval_0217,1.0,1.0,1.0,1.0,1.0,0.25,1.0,1.0,0.25,1.0,1.0,1.0,1.0,1.0,1.0
eval_0218,0.0,0.0,0.0,0.0,0.0,0.0,0.0,0.0,0.0,1.0,1.0,1.0,1.0,1.0,1.0
eval_0219,1.0,0.6666666666666666,1.0,1.0,0.6666666666666666,1.0,1.0,0.6666666666666666,1.0,1.0,0.6666666666666666,1.0,1.0,0.6666666666666666,1.0
eval_0220,0.0,0.0,0.0,1.0,1.0,0.09090909090909091,1.0,1.0,0.06666666666666667,1.0,1.0,0.25,1.0,1.0,0.25
eval_0221,0.0,0.0,0.0,1.0,1.0,1.0,1.0,1.0,1.0,1.0,1.0,1.0,1.0,1.0,1.0
eval_0222,0.0,0.0,0.0,0.0,0.0,0.0,0.0,0.0,0.0,1.0,1.0,1.0,1.0,1.0,1.0
eval_0223,1.0,0.5,1.0,1.0,0.75,1.0,1.0,0.75,1.0,1.0,1.0,1.0,1.0,0.5,1.0
eval_0225,1.0,0.5,0.1,1.0,0.5,0.05263157894736842,0.0,0.0,0.0,1.0,1.0,1.0,1.0,1.0,1.0
eval_0227,1.0,1.0,0.25,1.0,1.0,0.25,1.0,1.0,0.25,1.0,1.0,0.5,1.0,1.0,0.5
eval_0229,1.0,1.0,0.3333333333333333,1.0,1.0,0.3333333333333333,1.0,1.0,0.3333333333333333,1.0,1.0,0.25,1.0,1.0,0.25
eval_0230,0.0,0.0,0.0,0.0,0.0,0.0,0.0,0.0,0.0,0.0,0.0,0.0,1.0,1.0,0.5
eval_0231,0.0,0.0,0.0,1.0,1.0,0.125,1.0,1.0,0.125,1.0,1.0,0.14285714285714285,1.0,1.0,0.14285714285714285
eval_0232,0.0,0.0,0.0,0.0,0.0,0.0,0.0,0.0,0.0,1.0,1.0,0.5,1.0,1.0,0.5
eval_0233,1.0,1.0,0.3333333333333333,1.0,1.0,1.0,1.0,1.0,1.0,1.0,1.0,1.0,1.0,1.0,1.0
eval_0235,1.0,0.5,0.14285714285714285,1.0,1.0,0.5,1.0,1.0,0.5,1.0,1.0,1.0,1.0,1.0,1.0
eval_0237,0.0,0.0,0.0,1.0,0.3333333333333333,0.3333333333333333,1.0,1.0,0.1,1.0,0.3333333333333333,0.125,1.0,1.0,0.09090909090909091
eval_0241,1.0,0.8,1.0,1.0,1.0,1.0,1.0,1.0,1.0,1.0,1.0,1.0,1.0,1.0,1.0
eval_0242,0.0,0.0,0.0,1.0,0.6666666666666666,0.08333333333333333,1.0,0.6666666666666666,0.08333333333333333,1.0,1.0,0.14285714285714285,1.0,1.0,0.14285714285714285
eval_0244,1.0,0.625,1.0,1.0,0.75,1.0,1.0,0.75,1.0,1.0,0.625,1.0,1.0,0.625,1.0
eval_0246,0.0,0.0,0.0,0.0,0.0,0.0,0.0,0.0,0.0,0.0,0.0,0.0,0.0,0.0,0.0
eval_0249,1.0,1.0,0.3333333333333333,1.0,1.0,0.16666666666666666,1.0,1.0,0.14285714285714285,1.0,1.0,1.0,1.0,1.0,1.0
eval_0250,1.0,0.6666666666666666,0.05555555555555555,1.0,1.0,0.16666666666666666,1.0,1.0,0.16666666666666666,1.0,1.0,0.06666666666666667,1.0,1.0,0.0625
eval_0251,1.0,0.6,0.3333333333333333,1.0,0.8,0.3333333333333333,1.0,0.8,0.3333333333333333,1.0,1.0,0.3333333333333333,1.0,0.6,0.3333333333333333
eval_0252,0.0,0.0,0.0,1.0,0.5,0.09090909090909091,1.0,1.0,0.07142857142857142,1.0,0.5,0.5,1.0,1.0,0.3333333333333333
eval_0253,0.0,0.0,0.0,1.0,0.5,0.3333333333333333,1.0,0.5,0.3333333333333333,1.0,1.0,0.3333333333333333,1.0,1.0,0.25
eval_0257,1.0,1.0,1.0,1.0,1.0,1.0,1.0,1.0,1.0,1.0,1.0,1.0,1.0,1.0,1.0
eval_0260,1.0,1.0,0.14285714285714285,1.0,1.0,0.3333333333333333,1.0,1.0,0.3333333333333333,1.0,1.0,0.3333333333333333,1.0,1.0,0.3333333333333333
eval_0261,0.0,0.0,0.0,0.0,0.0,0.0,0.0,0.0,0.0,1.0,1.0,0.25,1.0,1.0,0.25
eval_0262,0.0,0.0,0.0,0.0,0.0,0.0,0.0,0.0,0.0,1.0,1.0,1.0,1.0,1.0,1.0
eval_0264,1.0,0.75,0.07142857142857142,1.0,1.0,0.09090909090909091,1.0,1.0,0.09090909090909091,1.0,1.0,0.09090909090909091,1.0,1.0,0.09090909090909091
eval_0267,1.0,0.42857142857142855,1.0,1.0,0.5714285714285714,0.5,1.0,0.5714285714285714,0.5,1.0,0.5714285714285714,1.0,1.0,0.5714285714285714,1.0
eval_0268,1.0,1.0,1.0,1.0,1.0,0.25,1.0,1.0,0.25,1.0,1.0,1.0,1.0,1.0,1.0
eval_0269,1.0,0.5,0.1,1.0,1.0,1.0,1.0,1.0,1.0,1.0,1.0,1.0,1.0,1.0,1.0
eval_0270,1.0,1.0,1.0,1.0,1.0,1.0,1.0,1.0,1.0,1.0,1.0,0.5,1.0,1.0,0.5
eval_0271,1.0,0.4,1.0,1.0,0.6,1.0,1.0,0.6,1.0,1.0,0.6,1.0,1.0,0.6,1.0
eval_0272,1.0,1.0,0.1,1.0,1.0,0.1,1.0,1.0,0.1,1.0,1.0,0.1111111111111111,1.0,1.0,0.1
eval_0273,1.0,1.0,0.3333333333333333,1.0,1.0,1.0,1.0,1.0,0.3333333333333333,1.0,1.0,1.0,1.0,1.0,1.0
eval_0275,1.0,1.0,0.25,0.0,0.0,0.0,0.0,0.0,0.0,1.0,1.0,0.3333333333333333,1.0,1.0,0.3333333333333333
eval_0276,0.0,0.0,0.0,0.0,0.0,0.0,1.0,1.0,0.058823529411764705,0.0,0.0,0.0,1.0,1.0,0.5
eval_0277,1.0,0.5,0.1,1.0,1.0,1.0,1.0,1.0,1.0,1.0,1.0,1.0,1.0,1.0,1.0
eval_0278,0.0,0.0,0.0,1.0,0.25,0.1111111111111111,1.0,0.25,0.3333333333333333,1.0,0.75,1.0,1.0,1.0,1.0
eval_0279,1.0,0.6666666666666666,1.0,1.0,0.6666666666666666,0.2,1.0,0.6666666666666666,0.2,1.0,0.8333333333333334,1.0,1.0,1.0,1.0
eval_0280,1.0,1.0,0.3333333333333333,1.0,1.0,1.0,1.0,1.0,0.5,1.0,1.0,1.0,1.0,1.0,1.0
eval_0281,0.0,0.0,0.0,0.0,0.0,0.0,0.0,0.0,0.0,1.0,1.0,1.0,1.0,1.0,1.0
eval_0284,1.0,0.6,0.2,1.0,0.8,1.0,1.0,0.6,0.16666666666666666,1.0,1.0,1.0,1.0,1.0,1.0
eval_0286,1.0,0.75,0.2,1.0,0.75,0.14285714285714285,1.0,0.75,0.14285714285714285,1.0,0.75,0.3333333333333333,1.0,0.75,0.3333333333333333
eval_0287,1.0,0.6666666666666666,0.3333333333333333,1.0,0.6666666666666666,0.3333333333333333,1.0,1.0,0.3333333333333333,1.0,0.6666666666666666,0.3333333333333333,1.0,1.0,0.3333333333333333
eval_0289,1.0,1.0,0.08333333333333333,1.0,1.0,0.3333333333333333,1.0,1.0,0.3333333333333333,1.0,1.0,0.3333333333333333,1.0,1.0,0.3333333333333333
eval_0290,0.0,0.0,0.0,0.0,0.0,0.0,0.0,0.0,0.0,1.0,1.0,0.5,1.0,1.0,0.5
eval_0291,1.0,1.0,0.25,1.0,1.0,0.1,1.0,1.0,0.1,1.0,1.0,0.5,1.0,1.0,0.3333333333333333
eval_0292,0.0,0.0,0.0,1.0,1.0,0.07142857142857142,1.0,1.0,0.06666666666666667,1.0,1.0,1.0,1.0,1.0,1.0
eval_0293,1.0,0.5,0.5,1.0,0.5,0.25,1.0,0.5,0.2,1.0,0.5,1.0,1.0,0.5,1.0
eval_0294,0.0,0.0,0.0,1.0,1.0,0.25,0.0,0.0,0.0,1.0,1.0,1.0,1.0,1.0,1.0
eval_0296,0.0,0.0,0.0,0.0,0.0,0.0,0.0,0.0,0.0,1.0,1.0,0.25,1.0,1.0,0.25
eval_0297,0.0,0.0,0.0,1.0,1.0,0.5,1.0,1.0,0.5,1.0,1.0,1.0,1.0,1.0,1.0
eval_0298,1.0,1.0,0.2,1.0,1.0,1.0,1.0,1.0,1.0,1.0,1.0,0.2,1.0,1.0,0.25
eval_0300,1.0,0.5,0.05263157894736842,1.0,1.0,0.25,1.0,1.0,0.2,1.0,1.0,0.25,1.0,1.0,0.25
